{
    "temperature": "high",
    "type": "ftbjarmod:jar",
    "output": [
        {
            "item": "minecraft:golden_pickaxe",
            "count": 1,
            "nbt": "{Damage:0,Enchantments:[{lvl:3s,id:\"minecraft:fortune\"}]}"
        }
    ],
    "input": [
        {
            "ingredient": {
                "item": "minecraft:golden_pickaxe",
                "type": "forge:nbt",
                "nbt": "{Damage:0}"
            },
            "count": 1
        },
        {
            "ingredient": {
                "tag": "forge:gems/emerald"
            },
            "count": 3
        }
    ]
}