{
    "temperature": "subzero",
    "timeScale": 1.5,
    "type": "ftbjarmod:jar",
    "output": [
        {
            "item": "minecraft:packed_ice",
            "count": 1
        }
    ],
    "input": [
        {
            "ingredient": {
                "item": "minecraft:ice"
            },
            "count": 1
        },
        {
            "ingredient": {
                "item": "ftblibrary:fluid_container",
                "type": "forge:nbt",
                "nbt": "{Fluid:{FluidName:\"minecraft:water\",Amount:1000}}"
            },
            "count": 1
        }
    ]
}