{
    "type": "ftbjarmod:jar",
    "output": [
        {
            "item": "minecraft:oak_sapling",
            "count": 1
        }
    ],
    "input": [
        {
            "ingredient": {
                "item": "minecraft:dead_bush"
            },
            "count": 1
        },
        {
            "ingredient": {
                "item": "ftblibrary:fluid_container",
                "type": "forge:nbt",
                "nbt": "{Fluid:{FluidName:\"minecraft:water\",Amount:1000}}"
            },
            "count": 1
        }
    ]
}