{
    "time": 20,
    "temperature": "high",
    "type": "ftbjarmod:jar",
    "output": [
        {
            "item": "minecraft:stone",
            "count": 1
        },
        {
            "item": "minecraft:iron_ingot",
            "count": 1
        }
    ],
    "input": [
        {
            "ingredient": {
                "tag": "forge:ores/iron"
            },
            "count": 1
        },
        {
            "ingredient": {
                "item": "ftblibrary:fluid_container",
                "type": "forge:nbt",
                "nbt": "{Fluid:{FluidName:\"minecraft:lava\",Amount:1000}}"
            },
            "count": 1
        }
    ]
}