{
    "temperature": "high",
    "type": "ftbjarmod:jar",
    "output": [
        {
            "item": "minecraft:gold_ingot",
            "count": 8
        }
    ],
    "input": [
        {
            "ingredient": {
                "tag": "minecraft:gold_ores"
            },
            "count": 2
        },
        {
            "ingredient": {
                "item": "minecraft:glowstone_dust"
            },
            "count": 1
        },
        {
            "ingredient": {
                "item": "ftblibrary:fluid_container",
                "type": "forge:nbt",
                "nbt": "{Fluid:{FluidName:\"minecraft:lava\",Amount:500}}"
            },
            "count": 1
        }
    ]
}